{
    "loss": 0.07244204729795456,
    "accuracy": 0.9568345546722412
}