{
    "loss": 0.1789311170578003,
    "accuracy": 0.935251772403717
}